"_id","firstname","lastname","email","gender","phone","age","file","password","confirmpassword","tokens","__v"
"61a495176e811cc4502815a5","tjhgbf","nhcdss","wdfs@uky.lui","female",2324356790,23,"","bbb","bbb","[{""token"":""eyJhbGciOiJIUzI1NiIsInR5cCI6IkpXVCJ9.eyJfaWQiOiI2MWE0OTUxNzZlODExY2M0NTAyODE1YTUiLCJpYXQiOjE2MzgxNzYwMjN9.BR_vEJSLtHiG6i78Z-8fnu41L1ayiAdAVh2qIWgMWkA"",""_id"":""61a495176e811cc4502815a6""}]",0
"61a495326e811cc4502815a9","sdsasvfb","gbfdvscx","ddvf@rthjk.uik","female",98798645,23,"","$2a$10$Ay3FXefO1zl/F4oC5ZzBY.6Wv5y39e.YhD.ZmmmazliKwasneB8/i","$2a$10$fVguH9elJCQ0IkkJSh1pTeZ/IVUDfpg5ak5EbC9GGmWw98pGdVHxa","[{""token"":""eyJhbGciOiJIUzI1NiIsInR5cCI6IkpXVCJ9.eyJfaWQiOiI2MWE0OTUzMjZlODExY2M0NTAyODE1YTkiLCJpYXQiOjE2MzgxNzYwNTB9.biCwDw8qIfNbluitdVFg4QUfCHFVxDKWV0hjSC742VM"",""_id"":""61a495326e811cc4502815aa""}]",0
"61a867fe8a0d7dd4132872b7","vfwqf","gregrb","asfd@ggf.bs","male",798461322,21,"","$2a$10$aWUL./xUNX7Nm9g6fO8UP.oTQ3DyfztYfcKKvtm0FEkmrvae4xAA6","$2a$10$76Fco6ji95vqEPC4b9Ia2up/Jc9D/tdMH9bf6gImJZUSgse04RylW","[{""token"":""eyJhbGciOiJIUzI1NiIsInR5cCI6IkpXVCJ9.eyJfaWQiOiI2MWE4NjdmZThhMGQ3ZGQ0MTMyODcyYjciLCJpYXQiOjE2Mzg0MjY2MjJ9.uKLWIg7K-OZF6coCbgnvjmINZ0uckKWmIrTHSmbA6-Q"",""_id"":""61a867fe8a0d7dd4132872b8""}]",0
"61a868398a0d7dd4132872bf","tyghrgf","oisk","wepuil@ui.iuo","male",1324598789,45,"","$2a$10$OmUn/IeCtGiuxK5a9IKRHOrwHpmWpDDRvlWcwQtTAH2P8408td/cS","$2a$10$GehBiTHgmpH66SnImGB0NuQXTXeRuq721L09zfIpP0Gm4G9o28oqe","[{""token"":""eyJhbGciOiJIUzI1NiIsInR5cCI6IkpXVCJ9.eyJfaWQiOiI2MWE4NjgzOThhMGQ3ZGQ0MTMyODcyYmYiLCJpYXQiOjE2Mzg0MjY2ODF9.rG_HbwoVQfMOh8MJXBmKyQiIT1I3jLcnY_R97ezhzO4"",""_id"":""61a868398a0d7dd4132872c0""}]",0
"61a868748a0d7dd4132872ca","refdsvc","uikjh","vp@ar.ia","male",1232123323,23,"","$2a$10$de0.qrEMmHkQxuKMmup6ruoguCYb0Xm.p/vR3gPIWI5M2hohyH47q","$2a$10$ceDovwbedP4qwnd49RwVAe6Y8TMYnaXJUGh269tns/a.Rh62tU.ou","[{""token"":""eyJhbGciOiJIUzI1NiIsInR5cCI6IkpXVCJ9.eyJfaWQiOiI2MWE4Njg3NDhhMGQ3ZGQ0MTMyODcyY2EiLCJpYXQiOjE2Mzg0MjY3NDB9.gXFKLosi-m5sPKAV8nhqenq5RB5t2Smasx0jT60WU1E"",""_id"":""61a868748a0d7dd4132872cb""}]",0
"61a868ac8a0d7dd4132872d6","rwesczx","iukjhn","qwdsaxz@thg.ui","female",123345657,33,"","$2a$10$Lt6fLHShKxaYmNjY8STS..isuINuc0GHy2biDlCBXAzYIORqJikSK","$2a$10$Q.0iEtRtH.ri/cCj4Ag3feC5Ou/Ln.CaRaWaJ.7zLtb.QBBKw28Lm","[{""token"":""eyJhbGciOiJIUzI1NiIsInR5cCI6IkpXVCJ9.eyJfaWQiOiI2MWE4NjhhYzhhMGQ3ZGQ0MTMyODcyZDYiLCJpYXQiOjE2Mzg0MjY3OTZ9.P2va8V9yfL8k4Dg6Ro-eKawGbdKau5sNrih14Z7FMuI"",""_id"":""61a868ad8a0d7dd4132872d7""}]",0
"61a868ce8a0d7dd4132872da","fgeed","wqetfvd","fdbfgfd@frere.iuw","male",1234567891,43,"","$2a$10$tKaba3cp4KlBvGtdgGLob.gP48pizq8.I1cY9tMlSjOrOt3/3MKWm","$2a$10$1aHhrtB5.ksZ3vXcPmj0VuBPjtKAi3gl42JzpyoysQXrDNYa2.k2i","[{""token"":""eyJhbGciOiJIUzI1NiIsInR5cCI6IkpXVCJ9.eyJfaWQiOiI2MWE4NjhjZThhMGQ3ZGQ0MTMyODcyZGEiLCJpYXQiOjE2Mzg0MjY4MzB9.MInWm7qdiUa_cCRCN1CKigxfGu_Tt2pXP_1lfOxPHA8"",""_id"":""61a868ce8a0d7dd4132872db""}]",0
"61a86f9d96281344cb3e9a44","qwefwgr","kjgh","drhilu@ghf.yu","male",123498766,66,"","$2a$10$Qa3/74gGOB.Xuuc3O8duGOqokKk96XcrbEIAAMOyj2CgmPpSEa3kO","$2a$10$opZfl5C8qm21VyLVNjdOz.JcQwiFFhNu63urFRPHdVynwfiByfX4S","[{""token"":""eyJhbGciOiJIUzI1NiIsInR5cCI6IkpXVCJ9.eyJfaWQiOiI2MWE4NmY5ZDk2MjgxMzQ0Y2IzZTlhNDQiLCJpYXQiOjE2Mzg0Mjg1NzN9.It49JGnffmWFnRLVHSLF0wndlusZLIPUXmCWYBX-v2Y"",""_id"":""61a86f9d96281344cb3e9a45""}]",0
"61a8b0ee0dccb79c38181c42","qwedsf","oiukjh","wqsaxz@hgf.uil","female",1234565761,23,"","$2a$10$StrWtC6uo17OakjeOiY66em/LhWX1eyQojLuH1/lEkc5pX.c/NCfG","$2a$10$18fGgAfl4F7BTmWvJSGq.OQVxxjjC6jmBRShJizA238tGHwjxZ0fe","[{""token"":""eyJhbGciOiJIUzI1NiIsInR5cCI6IkpXVCJ9.eyJfaWQiOiI2MWE4YjBlZTBkY2NiNzljMzgxODFjNDIiLCJpYXQiOjE2Mzg0NDUyOTR9.HzlopQaMOTznWrfUK-In_UpGrBC9KjdrjXn3Y0PVkZQ"",""_id"":""61a8b0ee0dccb79c38181c43""}]",0
"61a8b10e0dccb79c38181c46","wefdsvc","yujhn","ykujh@ewsd.rtg","male",234533243,21,"","$2a$10$XmgeElVmX5Nr0H8MUJFYF.MmXI7MM6a68DOhppGEBGnvWfX8ZxtaW","$2a$10$2WrQj4aYy2o1cnAyDbXL2Od/lePMsZw.4rr01VKtq6bqLa/3ISN/G","[{""token"":""eyJhbGciOiJIUzI1NiIsInR5cCI6IkpXVCJ9.eyJfaWQiOiI2MWE4YjEwZTBkY2NiNzljMzgxODFjNDYiLCJpYXQiOjE2Mzg0NDUzMjZ9.XDPZuqzPvFbNNuG4XRZgLnH3k4XQmxD7_A77NnQZDYM"",""_id"":""61a8b10e0dccb79c38181c47""}]",0
"61a9fe76442018a02826cd10","qwdfedfwged","rqegwbfsdfa","test1@gmail.com","male",21346,13,"","$2a$10$yTM4It7KSZNTccaNSedVYO9NlHoCkJPoOZ5ywr3vocrv.XfqOByHK","$2a$10$pXvjSlU7hXnkF/7NTHn5MuffvJSneFi08k3Lwh.3HUk0LalWL0.Wu","[{""token"":""eyJhbGciOiJIUzI1NiIsInR5cCI6IkpXVCJ9.eyJfaWQiOiI2MWE5ZmU3NjQ0MjAxOGEwMjgyNmNkMTAiLCJpYXQiOjE2Mzg1MzA2Nzh9.TqVvWsHNPrIx2TtJrUcDE67Z3cx7lFmaJejyL4f6U_M"",""_id"":""61a9fe76442018a02826cd11""},{""token"":""eyJhbGciOiJIUzI1NiIsInR5cCI6IkpXVCJ9.eyJfaWQiOiI2MWE5ZmU3NjQ0MjAxOGEwMjgyNmNkMTAiLCJpYXQiOjE2Mzg1MzA2OTJ9.hWeArrq78p9h6oW21hpVxXh__3CJZ0r9Tv0CLEE8DLM"",""_id"":""61a9fe84442018a02826cd16""}]",1
"61aded5e69ab1ebc7e52284f","asdvsf","dasdv","vaibhav@gmail.com","male",1230987654,22,"","$2a$10$haWOdZujcnLndehurIKPgeKMGjBgr.9eQP6PAuRAQ3GUA7pmhlcrW","$2a$10$nh1nTAym4cnVK2KeeH8WBu1PgLP5Zi/DMV6DHNxobbddWoAv7i7u2","[{""token"":""eyJhbGciOiJIUzI1NiIsInR5cCI6IkpXVCJ9.eyJfaWQiOiI2MWFkZWQ1ZTY5YWIxZWJjN2U1MjI4NGYiLCJpYXQiOjE2MzkxMTUxODZ9.xDhZDUMlu-CaBIRX6k1WPDJNxibrFwq-I5OgOHpEMrg"",""_id"":""61b2e9b2581d42761a44953e""},{""token"":""eyJhbGciOiJIUzI1NiIsInR5cCI6IkpXVCJ9.eyJfaWQiOiI2MWFkZWQ1ZTY5YWIxZWJjN2U1MjI4NGYiLCJpYXQiOjE2MzkxMTYwNDF9.SoE2WbbW9OyHYfWpdGYTtlMrUC-AQYAmmK8ly-oRcsQ"",""_id"":""61b2ed097d15a49994637f72""},{""token"":""eyJhbGciOiJIUzI1NiIsInR5cCI6IkpXVCJ9.eyJfaWQiOiI2MWFkZWQ1ZTY5YWIxZWJjN2U1MjI4NGYiLCJpYXQiOjE2MzkxMTYwNTZ9.Ry-x7AQZ0zR9cjy8hlwivSMLI7gbYko8RpxbctrmHZY"",""_id"":""61b2ed187d15a49994637f79""}]",4
"61b1e95ab95080b7e40a3666","dsacs","display","download@gmail.com","female",123456111,22,"","$2a$10$etJ81AmeU0Bjpvr0tTAMvOgZJTwYr29vQg1msWKRgG/IYuUk2u53.","$2a$10$1RQhTPbQ4uROPqRP6qG19uEng2R87KofMVd2kd9/NGw5x6de7nMqG","[{""token"":""eyJhbGciOiJIUzI1NiIsInR5cCI6IkpXVCJ9.eyJfaWQiOiI2MWIxZTk1YWI5NTA4MGI3ZTQwYTM2NjYiLCJpYXQiOjE2MzkwNDk1NjJ9.vw1_bKRPJS2iJMfrSVtFjlV8wyevGYINM4NO2ygZw2A"",""_id"":""61b1e95ab95080b7e40a3667""},{""token"":""eyJhbGciOiJIUzI1NiIsInR5cCI6IkpXVCJ9.eyJfaWQiOiI2MWIxZTk1YWI5NTA4MGI3ZTQwYTM2NjYiLCJpYXQiOjE2MzkxMTQ0OTB9.9X8k10FvL73O4h77oO3cFeL73ER10Ipfikfqh8xUsjg"",""_id"":""61b2e6fa57515743b27efed4""},{""token"":""eyJhbGciOiJIUzI1NiIsInR5cCI6IkpXVCJ9.eyJfaWQiOiI2MWIxZTk1YWI5NTA4MGI3ZTQwYTM2NjYiLCJpYXQiOjE2MzkxMTQ5MjR9.7KVKyiJE5CtqIb3RD4Uj9Tv5Wfy9d6PNHmedJW8xmG4"",""_id"":""61b2e8ac8f4a676e38462268""},{""token"":""eyJhbGciOiJIUzI1NiIsInR5cCI6IkpXVCJ9.eyJfaWQiOiI2MWIxZTk1YWI5NTA4MGI3ZTQwYTM2NjYiLCJpYXQiOjE2MzkxMTUwMDN9.AelX0KTGDyLKMHVuyiZ76o9bqIleXNzN43z9AcsAzTo"",""_id"":""61b2e8fb4fdababd249b1f2f""},{""token"":""eyJhbGciOiJIUzI1NiIsInR5cCI6IkpXVCJ9.eyJfaWQiOiI2MWIxZTk1YWI5NTA4MGI3ZTQwYTM2NjYiLCJpYXQiOjE2MzkxMTUwNzd9.CSD1BY7txwu6D0k14IcGN8malMd1lIlkg2_jbwYnpWA"",""_id"":""61b2e9452eea6553c6404ea6""},{""token"":""eyJhbGciOiJIUzI1NiIsInR5cCI6IkpXVCJ9.eyJfaWQiOiI2MWIxZTk1YWI5NTA4MGI3ZTQwYTM2NjYiLCJpYXQiOjE2MzkxMTUxMDZ9.iJBk6QNhc5OTemzqrf1lu1p1200dyrhYVNZA7uKGvvE"",""_id"":""61b2e9624fd637793e2c7a02""}]",5
"61b2f67640367c12bd30d421","test","test","test@gmail.com","male",1213154587,77,"","$2a$10$3GZVv8m1GyRlaz6tRS.eoe6HVG0MlnGRTKPpKqofI0sDRGllF85dS","$2a$10$u3azzxrfXs3KtH3DH/wmKee8ItIBeT26GtbB9y0uRjUWs6awroi8u","[{""token"":""eyJhbGciOiJIUzI1NiIsInR5cCI6IkpXVCJ9.eyJfaWQiOiI2MWIyZjY3NjQwMzY3YzEyYmQzMGQ0MjEiLCJpYXQiOjE2MzkxMzIyMTV9.9KNJWrQ9V8qgU363t1_E08rd1VnmxpAahqtiBFJll40"",""_id"":""61b32c37a4f18ae86b39257c""}]",37
"61b33128c40c543296816e23","testx","ttt","text@gmail.com","female",123488966,66,"","$2a$10$sf5I5iTi2URGYCpOfbNzu.q5s6saB7i54PSvSPWxIFA44sHCmqD0i","$2a$10$zdXvgfV4nTko5U9f0b8Bc.E35UXgi5nmBdcGX45LHlLquFPwrpOJK","[{""token"":""eyJhbGciOiJIUzI1NiIsInR5cCI6IkpXVCJ9.eyJfaWQiOiI2MWIzMzEyOGM0MGM1NDMyOTY4MTZlMjMiLCJpYXQiOjE2MzkxMzM0ODB9.0p80UAHOAgBZwsZL8cUUXFbe-U_FbLSGkU4X3wk4Q0w"",""_id"":""61b33128c40c543296816e24""}]",0